FID,huc12num,areasqkm,Area,LATITUDE,LONGITUDE,pt30m,pt1h,pt2h,pt3h,pt6h,pt12h,pt24h,pt2d,pt3d,wp30m,wp1h,wp2h,wp3h,wp6h,wp12h,wp24h,wp2d,wp3d,WIPMP30m,WIPMP1h,WIPMP2h,WIPMP3h,WIPMP6h,WIPMP12h,WIPMP24h,WNPMP30m,WNPMP1h,WNPMP2h,WNPMP3h,WNPMP6h,WNPMP12h,WNPMP24h,STN30m,STN1h,STN2h,STN3h,STN6h,STN12h,STN24h
1,1.024E+11,122.09,47.6151,40.1164,-95.7567,36.17715227,42.42624364,61.40312006,77.17609851,100.8692179,114.1058994,178.1212112,265.1132959,308.939692,39.49692383,47.30214906,68.33227169,83.71584706,110.5585995,124.8552061,216.7256184,303.2903121,350.2330712,28.07835656,30.36948433,44.91853376,63.35138989,81.97309295,104.2809433,160.630546,15.56736716,18.94686677,30.62596059,44.25449808,62.63958644,85.44977253,155.9175955,30.65494769,33.85974697,49.98745096,68.71966023,89.84733442,114.1046934,195.444182
2,1.024E+11,104.39,40.7121,39.5756,-95.1108,32.36500145,42.25369803,49.99846214,65.7389915,82.04658043,114.1475015,189.8228355,234.8126646,279.8024937,37.29483338,45.39529506,53.49575673,70.45021977,90.98583474,118.8947121,205.6091249,290.786887,295.0569107,25.3957001,34.99658646,43.81146549,57.3296858,68.66426329,106.1763998,170.423096,14.86113064,21.03917822,28.71982757,39.56558512,53.08716771,82.81956075,147.2637366,29.26396914,37.5986113,46.87599177,61.43825562,76.14546858,110.5921051,184.5960395
3,1.024E+11,57.04,22.2456,39.15,-94.7833,33.36258441,43.22574164,50.66667667,64.82006994,103.588117,149.6535606,203.9103819,311.0666999,327.3396042,34.05015525,45.11685452,52.64250948,68.55415228,109.1662741,158.3245082,208.632301,330.3122738,345.057108,33.64362775,43.34499256,47.31713687,57.71314032,87.22679806,131.1555389,205.604831,17.47049982,25.35490316,30.15796027,39.35031155,64.1421733,103.9781249,167.9054426,34.33699062,45.24132263,49.16234871,61.03781458,91.92390809,138.7547086,210.3659882
4,1.025E+11,61.42,23.9538,40.1717,-103.2317,24.62893646,30.64852092,36.66810538,47.32884754,74.06070148,97.46631969,120.407057,152.0886039,165.5065962,30.0765786,34.872741,39.66890339,50.07921608,78.83371255,101.6431977,132.8211433,163.4446612,179.7241486,24.77192255,31.71258935,36.83154307,44.89060442,68.29431607,92.65049799,101.6710691,15.38050325,32.95668995,24.43123212,30.60951326,50.70871418,72.38634446,89.49925345,30.2511916,58.84002492,39.84571629,47.49928206,72.69569926,96.62099599,112.1534566
5,1.025E+11,123.2,48.048,40.155,-103.1417,25.82678416,31.57531019,37.32383621,47.34103376,73.09705901,97.20104715,119.8188584,153.8811262,167.2137759,30.36662321,35.41866238,40.47070154,50.57028961,79.35929268,102.5331206,134.642383,164.9899427,181.5832745,18.94749368,26.82346836,31.84847631,43.02850182,66.86330756,92.31568647,108.9991413,11.31338196,16.83654953,21.15786272,29.59990383,50.60919047,72.9249451,97.7129331,22.2780892,30.08842554,34.53370045,45.96358858,72.59149501,97.37976793,122.4840924
6,1.025E+11,106.85,41.6715,39.2833,-103.2667,27.66075112,33.64371364,39.62667616,43.77856721,55.23065884,65.55452998,73.06035287,81.79561956,101.6321071,33.8419435,38.63166301,43.42138252,47.49918502,56.28483273,67.41800855,75.28302157,87.99626806,110.1149296,20.49270729,29.85979236,35.30473634,39.43861555,55.00567513,65.02331313,71.0086737,12.73233846,19.18590658,23.70170607,27.55651915,39.08081838,50.07843172,58.37136151,25.07209726,34.28674516,38.68556765,42.79039302,56.05555481,66.87169112,73.16892547
7,1.025E+11,150.9,58.851,39.4833,-102.1667,28.76023779,35.45013907,47.64658215,60.75026026,85.25627201,104.6234858,149.2283246,163.5837903,165.5141078,32.63654234,42.30212197,58.19872399,74.30404649,100.0636728,115.5787409,158.3132037,170.0102719,181.70734,26.22365157,29.63102165,38.33000396,47.20858573,69.37778546,94.38152286,144.2028499,15.11188956,19.78536189,28.68460518,37.18444948,56.76935059,78.08056199,122.0427343,29.75807506,35.35825599,46.81883192,57.7411345,81.42739367,104.2643293,152.9817829
8,1.025E+11,69.74,27.1986,39.6569,-102.1183,31.82377805,37.90862217,47.63719013,57.7101546,82.12074931,97.78990575,157.6368162,166.0785851,174.5203539,33.36854781,40.37259314,48.56718159,61.73496124,87.49450543,102.7529664,167.2976259,173.5891442,179.8806624,31.72945928,36.90805633,46.89891758,53.55437776,75.25337066,90.26756473,146.6309371,16.90322146,22.00347863,29.30374465,36.90355659,55.91008408,71.04131361,124.1607075,33.26965068,39.30699288,47.8144962,57.28935329,80.1777444,94.84884942,155.6172489
9,1.025E+11,119.14,46.4646,40.0533,-101.5417,35.93367755,49.8982707,54.95565819,71.43800931,115.1748404,138.4170819,205.3995173,220.4140136,235.4285099,45.97926179,59.13274697,64.01444924,82.47053341,122.0184808,143.3933745,216.2467664,233.6894542,251.132142,24.67740929,41.88405896,43.65955299,56.45657782,107.1079863,136.6815618,195.0587825,16.03521328,27.77443451,31.15830197,41.97208781,79.1104126,106.0368508,163.8280124,31.57620203,49.63537665,50.85631454,65.17544557,113.4722976,141.59546,205.3599323
10,1.025E+11,98.65,38.4735,40.2331,-100.83,32.94270788,40.88226374,48.82181959,60.6690428,96.40124523,127.0095289,192.9181601,235.8395954,259.8909426,34.18068765,43.09682283,52.012958,62.47093832,108.5409657,130.7613056,206.122703,259.4331718,278.6607589,27.76338224,35.33579142,42.02527822,56.15329768,79.47136527,121.0596011,185.4960643,14.62906618,20.84421035,27.43103715,37.23635933,62.38340065,93.33669131,158.110943,28.80672408,37.2499026,44.7721746,57.82107371,89.47912147,124.6356209,198.1925919
11,1.025E+11,109.06,42.5334,40.2847,-100.1433,26.62293643,35.30187675,38.99248095,48.45200852,66.23785334,107.1982642,174.5615476,303.3473801,333.4893758,28.15499786,38.98036099,42.0110979,54.32688222,92.05739817,124.9574507,198.0632397,320.4649226,348.0267806,24.58329359,30.92789832,37.03620059,43.3398955,44.5880259,87.81001548,146.6245794,13.20250527,19.10970177,24.44779641,31.2945347,43.2031427,76.65254931,132.719586,25.99798036,34.15061045,39.90337139,48.59491836,61.96845832,102.3572141,166.3650421
12,1.025E+11,100.92,39.3588,40.3794,-99.4992,28.88675093,35.89625313,45.11194122,56.89734542,86.41985543,128.0223798,243.3736804,319.8701752,337.1071438,30.14402871,40.10043584,46.32896392,61.86061947,98.65404929,141.952891,254.5832863,331.0326291,346.7706703,26.66985794,29.2410284,43.64097437,49.79619576,71.14594987,108.7809834,224.0701898,14.13331682,18.27895436,27.45922568,34.86569936,56.62367178,90.32768415,186.9882709,27.83064684,32.66574868,44.81831356,54.14002172,81.21786377,120.6177787,234.3906917
13,1.025E+11,214.58,83.6862,40.1,-99.3667,28.69811997,37.31003859,42.77638851,56.23743725,82.81807419,144.7201401,245.3875405,293.2365724,293.9750966,31.51176239,42.92483497,45.68118958,59.96135544,84.24658585,146.8592253,248.4102692,300.5454997,307.0140339,25.28360317,31.25328026,38.60578299,50.88246043,82.7260602,144.2136206,244.5083689,14.09847434,20.12017163,25.25887115,34.93735721,58.6695697,109.5937293,197.4617445,27.76247699,35.95659367,41.22737223,54.25178395,84.15298473,146.345219,247.5202678
14,1.025E+11,97.09,37.8651,39.3686,-101.4467,30.2244646,44.20631875,47.56686327,62.71422904,96.6855839,115.6121255,143.7991521,179.7799248,196.2903586,33.41515798,46.04230223,54.85345524,71.29618182,102.3436129,122.7411361,149.9157487,188.4494787,210.0069773,25.89568063,30.3142036,38.62183956,51.94651195,88.78165662,105.361537,134.2773299,14.53906919,24.66155679,27.2877382,38.03107236,65.51946355,83.76828762,111.6782423,28.62939909,44.07160347,44.53817641,59.05498669,93.97714873,111.8584638,139.9889092
15,1.025E+11,133.99,52.2561,39.6978,-100.9708,30.03955513,36.3193669,46.91857393,58.62786321,72.49672608,91.09507303,129.4448278,157.0381037,169.7263274,31.01575139,40.04815072,48.45768436,61.81079641,80.04671764,98.46405962,137.5131922,173.6877815,188.9860018,29.15646785,32.96000347,45.73976541,55.64785919,63.24611639,89.39333254,129.4918946,15.28754729,20.33689919,28.94277648,37.78199338,48.68581662,72.35944179,109.7424114,30.1039664,36.34389306,47.24020637,58.66900662,69.83272617,96.62465962,137.5631927
16,1.025E+11,129.35,50.4465,39.3061,-102.2631,26.42773932,34.26998045,44.54439879,59.18098631,86.4404355,108.809912,143.3828339,143.8339477,144.2850615,27.72443369,37.66214723,47.5818945,60.92730968,95.89354573,118.6368215,149.6855031,151.9036708,154.1218384,22.81986026,27.46452545,38.81042764,56.17053255,71.18178484,95.88991209,141.9683858,12.15709655,16.88949674,25.39952183,37.24041801,55.05348574,78.29449682,118.2351237,23.93953168,30.18306365,41.45692216,57.8280229,78.96621182,104.5499824,148.2088802
17,1.025E+11,138.59,54.0501,39.8086,-101.0778,28.29571979,37.34087742,48.12135613,62.61406697,86.20708668,94.31962063,133.6789232,157.6280964,169.0956478,30.04074239,43.99818273,49.7413363,65.4695847,91.70603487,101.1068514,143.0141756,167.396281,176.4887503,26.2600401,25.35980535,45.88553035,57.41242215,77.04040146,82.51864417,114.0108288,14.15791561,16.72050409,29.05920326,38.65891251,57.13693162,66.24267014,97.30484921,27.87952049,29.8810694,47.43024262,60.0307186,81.95462826,88.45667782,121.9725915
18,1.025E+11,118.72,46.3008,39.6197,-101.5442,27.41028528,35.00713615,45.88541327,63.27833248,96.61570746,115.8287771,160.1408563,174.8491779,189.5574994,29.60813543,37.44561714,49.44680834,66.10417409,101.615637,124.1416824,177.0961095,200.8109766,201.7010305,25.57462274,30.66797117,45.00118439,61.24752312,88.02580312,101.6867522,133.493215,14.02883579,18.35622595,29.71094649,41.20396189,64.54559708,81.6155741,117.7710448,27.62528321,32.80420032,48.49395006,63.9826742,92.58119918,108.9846998,147.6270926
19,1.025E+11,81.94,31.9566,39.8167,-101.1333,30.28796569,47.79787224,49.37070815,66.66549207,92.00335975,99.00344683,141.8680656,166.9636254,176.5284137,32.09166282,41.28737402,50.48308522,69.31471762,94.25842235,102.0089994,147.4102908,176.0073008,187.2932858,25.65092724,38.50922917,47.14241255,62.44838696,89.16780902,94.65377078,136.8139171,13.80364601,23.44934148,29.53604322,41.81699642,63.69311354,73.0385586,113.4122459,27.17848126,41.90183777,48.20458364,64.93002862,91.35337041,97.52727562,142.1586967
20,1.025E+11,146.84,57.2676,40.1306,-99.8278,27.9514626,33.36973172,38.78800083,49.06353046,79.51869904,121.0454533,221.4294699,334.7064535,353.6278485,28.55698032,34.29627525,40.03557018,52.00305447,85.60361516,128.0727649,235.7502262,348.2677849,365.62642,27.37872683,33.01728331,36.90543563,44.78112959,71.11263721,112.5135705,206.898254,14.20479418,24.73947029,23.33819535,30.56617919,53.37194427,89.14980413,175.7299311,27.97183727,44.21170064,38.09245454,47.4640838,76.55430612,119.0455624,220.2792167
21,1.025E+11,152.93,59.6427,39.3925,-101.0689,32.54335346,46.14710579,53.52462308,69.78785178,95.53541548,116.9575217,146.0285919,179.4437291,199.1614573,35.44909062,54.60693467,59.15104077,76.55334072,106.4652137,128.8370703,153.2394391,185.480194,207.8323216,30.87060035,33.31545281,49.02911924,57.98175068,73.46976347,85.98048813,119.0695064,17.07661555,22.05983237,33.19641329,40.9592204,57.08149836,70.92833488,99.67940087,33.62698041,39.42294374,54.18297718,63.60271311,81.87512483,94.71365358,124.9491222
22,1.025E+11,144.71,56.4369,39.4,-101.05,33.07521319,40.71687028,53.76038191,65.43559337,79.07895627,92.41403562,124.2262076,156.4278003,173.4035917,34.62896535,52.88379985,55.22069189,71.41067924,91.22499646,112.9305594,146.0798133,176.3354037,197.2255959,32.11818588,30.35294156,52.75010954,58.28093664,70.97396182,77.50666429,106.2566774,17.07661689,22.05983378,33.19641499,40.95922224,57.08150037,70.92833681,99.67940292,33.62698041,39.42294374,54.18297718,63.60271311,81.87512483,94.71365358,124.9491222
23,1.025E+11,134.14,52.3146,39.9167,-98.7,33.65601817,47.71161946,48.33258028,60.96158285,78.10248141,97.98518687,155.1451545,200.867832,226.5602092,36.21381685,42.93767882,49.66154078,62.18407297,81.46961928,103.2600425,165.6823952,210.3136556,232.3055577,30.20648621,37.29664505,44.98494229,58.55473427,74.70971328,90.44373328,143.3608953,16.50539286,23.81760168,28.31886081,38.46458711,54.33146121,71.37688399,122.135272,32.50212648,42.56422601,46.22185559,59.72895877,77.93058284,95.31260837,153.0977657
24,1.025E+11,133.8,52.182,39.8775,-98.3036,32.4485735,42.47581316,48.50408175,58.48502405,73.10956687,85.17337821,107.8443402,156.5441858,195.0547834,34.20771399,44.89842689,49.9148842,61.12331753,77.3559847,95.03986558,144.0037854,189.2123542,222.2153884,28.93878049,36.20791415,45.33349132,53.16268387,62.5446263,69.76871908,68.72091346,15.49254498,21.41638783,28.58244357,35.78040713,46.13740605,58.30018358,73.20449136,30.50764393,38.27303741,46.65207314,55.56088349,66.17740143,77.85073015,91.76255013
25,1.025E+11,71.47,27.8733,39.5514,-97.6508,31.7412718,42.5964984,43.4884907,52.08361196,65.62157806,80.88527254,101.3815497,174.3310826,211.2130786,32.90165729,45.0405249,46.00943925,54.50240046,68.97214819,83.45336768,101.8130473,179.2292443,217.3427124,30.70130421,34.8911387,41.50281481,50.09071749,60.3953638,75.3440039,101.5008921,16.167238,25.38573039,26.90855734,33.76336576,44.26403484,58.22234256,81.3263869,31.82367096,45.35207055,43.90865735,52.41695499,63.47908882,77.7361646,101.9328976
26,1.025E+11,99.69,38.8791,39.8186,-97.6378,31.68847833,37.88817382,44.0878693,54.70397773,74.11675409,95.73497284,115.9804501,174.820665,215.1242201,33.46488066,39.6367116,45.80854253,57.53344001,78.99097574,102.9104809,123.1407551,180.6079051,236.2720603,31.13852989,40.44524975,44.55419958,54.12617233,76.15002107,96.62754403,114.4980517,16.69966598,28.94529997,28.36282146,36.65973078,56.58196482,77.78571045,96.98160856,32.88410304,51.72714614,46.29307287,56.92574869,81.15795869,103.8699519,121.5668376
27,1.025E+11,68.55,26.7345,39.5639,-97.2881,33.78691559,39.72340093,45.65988627,52.59957119,66.55408122,83.27207316,107.3796097,171.1498801,207.4615106,34.72463879,40.9096079,47.094577,54.78492357,68.6362479,88.11882588,110.4488139,181.1758367,215.7657335,32.49213434,41.73254879,44.86681206,52.30809357,66.01012086,80.29866984,103.9412501,16.96748346,29.82549478,28.36244002,35.09606799,47.47211437,63.64533079,85.3023789,33.39392214,53.27736893,46.27658341,54.48133594,68.07526956,84.97235913,106.9121765
28,1.026E+11,99.58,38.8362,38.8178,-102.3608,27.78723155,35.79974144,43.00687421,53.45969857,76.62811889,91.97079631,104.5916294,122.0943036,128.411926,28.77816411,37.39652435,45.98285934,56.31674797,80.92264795,109.9229147,123.2466178,131.5090995,139.635093,25.808695,35.24956893,37.90138237,49.63685523,70.69526226,75.21152938,86.42123208,13.57393389,20.60462783,24.82827967,33.67409213,52.04981412,67.31822151,81.24054414,26.72907011,36.82181239,40.52407822,52.28960022,74.65729164,89.89234475,101.835344
29,1.026E+11,133.45,52.0455,38.8972,-100.1136,29.22230679,36.94794968,42.00117941,50.53255271,76.91432527,111.4063613,155.7981035,169.3333198,182.84174,31.32062167,39.21269173,44.36040844,52.2688277,81.54256434,116.3709841,171.1675334,185.5871854,196.2606983,27.64255496,34.46064095,39.29776119,48.39238207,73.45797702,104.8720225,135.4446636,15.0455533,20.46505714,25.42905794,32.23477637,54.29496554,82.03545582,118.7116604,29.62743537,36.57292224,41.50513775,50.05512179,77.87823395,109.5454543,148.8062336
30,1.026E+11,121.04,47.2056,38.7978,-99.7231,29.54051648,35.52081437,46.69560918,57.43934473,86.08716205,126.0341918,233.865399,261.4273139,299.6935102,30.7387301,36.47157716,49.52216843,59.4586412,89.92160158,137.0637543,250.0537442,278.4797782,318.5977544,27.21013129,34.84290095,42.26881231,54.04566986,81.65460073,120.5903517,218.0248533,14.3784856,20.01887633,27.46454666,36.02822535,59.46343918,98.20966632,185.9712443,28.31382052,35.77551847,44.82741053,55.94566073,85.29160794,131.1435103,233.1167036
31,1.026E+11,108.71,42.3969,38.65,-98.6667,30.68115237,37.12223852,43.56332467,50.8581918,72.96767379,95.06553909,147.2749147,254.4886423,259.7923415,32.84347137,39.29615006,45.74882874,54.69367737,81.53623904,107.5956592,166.6909272,291.5123643,300.7069013,28.1723897,35.88458881,39.88389614,45.84563911,64.53601642,81.6713818,124.1555476,15.31503246,23.62525439,25.66177788,31.75060063,50.27673028,69.22288943,112.1043036,30.15789835,42.22026605,41.88480902,49.30310154,72.11445546,92.43608406,140.5236146
32,1.026E+11,154.4,60.216,38.9722,-97.0239,33.39322651,45.70437724,48.23194558,60.63880468,95.54033393,117.6999057,145.2826694,214.2154321,249.4952917,37.11086547,44.61531623,52.11976698,63.92170544,101.244216,126.6146012,160.4395829,234.965243,262.2752379,27.08978839,36.67317741,41.7989761,55.41673052,83.82849369,101.2434291,125.9469484,15.28840711,20.03216433,27.67334288,37.61964209,61.93248656,81.56084114,110.957732,30.10567105,35.79931521,45.1682566,58.41691543,88.83316368,108.9116964,139.086623
33,1.026E+11,104.5,40.755,38.9267,-97.2131,32.05571973,39.32545991,46.59520008,57.79629224,86.81873012,112.4949748,140.4983334,195.3179272,250.6796777,36.16849271,43.27861373,50.38873474,60.02546486,96.47509034,116.2190811,150.8343344,208.1931033,278.1766798,30.40392635,43.94990369,44.58557643,55.61474743,71.66374785,105.3708971,127.8774002,17.42100139,27.0653957,29.54050942,37.19668244,55.5196537,81.5218019,109.5207121,34.30477299,48.36792525,48.21549817,57.75977901,79.63450442,108.8591633,137.2849206
34,1.026E+11,116.37,45.3843,38.7711,-97.8564,29.24626631,37.19800758,46.1723215,54.86313457,77.42704368,99.64198504,140.5609151,263.0644508,289.1897086,30.96003717,46.29710683,47.48155978,56.29485184,79.88395552,104.1201815,142.4597581,288.5162341,317.4464001,26.67365827,26.40861455,44.0176008,51.81237891,73.17413404,99.64201432,137.6861392,14.33932828,18.39221204,27.7331211,34.23720867,52.63424837,77.9727141,111.3244057,28.23667961,32.86849293,45.26574094,53.16448316,75.49609272,104.1202121,139.5461467
35,1.026E+11,68.48,26.7072,39.3214,-99.5886,32.99738648,44.58759289,46.21679159,57.96190846,96.5995967,175.4216392,256.8191744,260.8828362,285.5144828,34.56090054,40.91181947,47.2627384,62.79104534,109.4174804,196.929129,275.0323675,289.0517782,300.2008924,33.0110264,40.83268288,46.37124405,52.07679321,80.180263,144.3672721,231.1366996,17.56775839,27.13837197,29.06372796,36.34218355,63.3328294,121.3905962,197.4966418,34.57518676,48.47718937,47.42068632,56.4156076,90.81945117,162.0673554,247.5285339
36,1.026E+11,119.57,46.6323,39.4481,-98.97,28.53751861,37.7388447,43.64269362,57.07493658,78.17084444,93.00164961,162.3275407,187.7977011,237.3075554,29.85246915,42.5686135,45.06828736,58.57567969,83.29524652,96.07383067,169.9244552,202.2092811,255.5485253,25.93369834,28.12825564,40.84395599,54.10173958,67.3699386,88.4189194,146.7841602,13.77664002,17.7540555,25.84140819,35.75688419,50.04784104,68.40173785,122.5787838,27.12867016,31.72807362,42.17812864,55.52430468,71.78629941,91.3397163,153.6536459
37,1.026E+11,98.26,38.3214,39.2425,-98.8678,32.67648206,43.37928602,44.2354542,55.31977937,78.95421272,89.19161847,164.064257,208.714195,246.3331325,33.28417084,44.39760322,46.58904615,59.55068265,81.88495824,93.18640938,171.9891817,223.3757037,260.4023415,32.0073199,38.10635818,41.1604974,49.92264598,74.94445295,83.57500501,154.5823755,16.55674173,24.68761162,26.56000989,34.60869154,54.18958492,65.39059626,129.2771422,32.60256418,44.11826847,43.35048317,53.74077196,77.72635796,87.31823421,162.0492894
38,1.026E+11,90.84,35.4276,39.5147,-98.4353,29.37114901,35.33138526,41.29162151,49.49167289,69.39976418,87.47220945,115.9043189,185.4608297,221.5242689,31.00763183,43.70611941,44.41675828,53.9757704,75.16939082,92.34676703,122.9312377,200.0389752,230.3946074,28.22099413,34.59667226,38.64758677,49.32908562,67.19386077,86.93393053,117.9359187,15.13054541,23.94891621,25.47118156,34.64636041,50.74173231,68.73140884,99.78984523,29.79339336,42.79725456,41.57261103,53.79845222,72.78009717,91.77849148,125.0860071
39,1.026E+11,77.49,30.2211,39.4575,-98.1125,29.26815304,37.70003744,41.32131054,54.22950115,74.48485322,86.58228366,121.4085662,190.6116882,227.9074032,30.53107036,40.07446924,42.78380849,58.70354992,78.56317714,90.10965468,129.9867339,200.7198435,230.9162895,28.98541472,35.66896803,39.46672142,46.20177945,65.77969752,76.78568281,117.5922363,15.35780313,21.2198313,25.03933074,32.21174328,48.37558091,59.8494947,100.4439597,30.23613191,37.91547858,40.86357932,50.01352417,69.38138165,79.91393932,125.9007598
40,1.026E+11,119.81,46.7259,39.1886,-98.0467,31.39427199,43.26511375,43.93547876,52.05806762,72.20601477,84.97035922,139.9208715,227.5278563,256.4840501,32.64939645,46.11059073,46.29476971,54.08820497,73.37768935,85.64267077,145.0520698,240.3563886,264.55187,29.58523054,31.79240425,41.44389842,50.30516674,69.65791831,85.14875623,142.0597843,15.6248005,24.92378762,26.75506556,33.65918874,49.35201836,64.27003346,117.4857009,30.76803059,44.54102349,43.66939402,52.26694524,70.78824537,85.82247931,147.2694211
41,1.02701E+11,100.14,39.0546,39.5025,-96.3169,35.82836336,42.84472362,49.86108388,62.27339589,80.1889578,100.7572969,136.6632608,182.322981,222.1122833,37.35729233,51.35982661,54.67633672,68.92548476,91.43570025,112.5053279,145.4496498,198.4177669,235.9350231,32.3742145,37.35676191,41.54114354,52.79390641,65.22982308,85.92710176,123.2008622,17.14229905,28.41241729,27.90932398,37.63062078,51.85542128,71.85161052,104.6041256,33.75574214,50.77488577,45.55291171,58.43338941,74.37850191,95.94597172,131.1217233
42,1.02701E+11,157.12,61.2768,38.8619,-96.4725,32.01255143,39.40418423,51.10233248,63.4966991,95.75451873,115.6489383,146.3993389,199.4198289,216.5838453,33.95074082,42.67485546,53.99267894,68.96720914,103.985452,125.055102,160.8671842,222.440629,234.784914,32.01256093,37.17321999,50.46017707,63.4967202,95.7545388,114.5178861,138.2036077,17.24103389,22.52750271,32.66413907,44.41389192,72.49633648,92.73427033,121.1490273,33.95075089,40.25871417,53.31420324,68.96723206,103.9854738,123.8320571,151.8615137
43,1.02701E+11,121.41,47.3499,39.4269,-95.9156,40.15355801,51.92185276,61.13168559,80.62988347,103.25481,121.3173294,163.9117668,233.4720337,257.992736,40.99734527,52.64113075,63.09194186,87.66435274,108.9167087,128.2884788,170.478379,239.9784787,272.750669,39.75665645,50.89983654,61.13168979,80.62989674,103.2388478,119.7431313,162.2005241,20.61371162,28.87653979,38.6547338,56.45462774,75.92260038,94.82499877,134.5810228,40.59210322,51.60495645,63.09194619,87.66436717,108.8998712,126.623824,168.6985807
44,1.02701E+11,97.66,38.0874,38.8492,-95.8331,32.66502684,40.37109439,47.99595414,58.03358184,91.00587473,163.3938308,197.738411,266.600102,292.3778616,35.10715366,44.6845207,53.62099231,64.66146883,101.0148972,179.4411595,220.7786145,281.3480432,306.6875023,30.67652563,36.07746082,42.53936557,50.38058218,80.97558899,150.3143782,174.2186213,16.74335597,22.3451703,29.11762325,36.15022515,62.66396904,123.6224952,155.1798443,32.96998666,39.93213633,47.52490152,56.13443701,89.88145899,165.0771402,194.5183318
45,1.02701E+11,130.11,50.7429,38.9167,-95.4,31.61038838,40.30927986,44.46444289,57.54867313,101.5392423,163.9921565,202.1885662,273.1959706,303.0960549,32.78012161,45.09774988,47.19145998,61.67005836,111.6480601,176.5260084,221.4227352,291.6761431,330.095422,31.36181965,36.292607,41.38434023,52.15628721,96.54812968,152.5731251,177.9321752,16.51566909,22.72068233,26.91008457,35.99331951,74.0124251,122.9903198,155.4505934,32.52235467,40.60392343,43.92245374,55.89149326,106.1600534,164.2342252,194.8588372
46,1.02701E+11,140.49,54.7911,38.9406,-95.3397,31.56492771,37.42851648,43.29210525,57.26679279,88.47219818,151.7053392,183.9234856,272.4755431,286.4326295,32.96992516,39.24303408,45.516143,61.5069971,107.0141674,168.4983248,199.1801742,288.2416045,302.6018022,30.3574635,34.01606717,41.07729834,56.58798784,80.84380123,144.6204916,168.5620632,16.10247531,25.82405349,26.4598247,39.14010564,68.1749149,120.2906172,145.6266921,31.70871509,46.14994626,43.1875552,60.7779314,97.78701395,160.6292217,182.5445021
47,1.02701E+11,152.24,59.3736,39.0636,-94.8958,32.27708744,41.64817259,48.03884386,61.58061875,105.5098834,151.1157902,191.4111151,279.6849432,295.2795256,33.92516871,45.01287524,49.21178098,64.77423838,115.3165767,167.288966,199.4058595,300.6138245,308.9603887,30.54808293,39.26017332,46.55408464,57.29811874,98.23961904,138.1995229,189.2972803,16.30517898,23.74357862,29.21881691,38.8127729,74.85635192,114.5700676,157.3212349,32.10788052,42.43195256,47.69076924,60.26964453,107.3705723,152.9903345,197.2037353
48,1.02702E+11,64.94,25.3266,40.0489,-96.5747,31.84007987,43.1055693,45.52277207,58.36809123,84.37352737,104.6260622,160.7420848,249.736342,287.0823019,33.05185992,45.22442645,46.2515715,60.46569101,87.78779954,108.819616,164.7377384,255.568835,289.0939345,29.84287385,40.50724514,44.03935636,56.16986717,84.37353656,104.6260809,160.7421153,15.74441186,23.79632567,27.42808359,37.48976418,61.22581064,81.51463991,131.4489128,30.97864359,42.49838149,44.74440696,58.1884684,87.7878091,108.8196354,164.7377697
49,1.02702E+11,140.01,54.6039,39.9031,-96.7656,33.75942547,39.71700819,45.6745909,56.79135675,77.23519293,93.63988905,152.7562432,246.7070909,284.9253557,34.74543868,40.54678806,46.34813743,58.45916282,83.92770112,103.2795139,160.2117593,255.8631113,293.5885809,32.92722713,38.89911741,43.826993,53.94956417,64.57168476,74.80798687,134.7260104,17.20964512,27.36280773,27.24756143,35.76303516,48.9187816,61.78861525,112.7247027,33.88893428,48.89984041,44.47329368,55.5339146,70.16688706,82.5089884,141.3015318
50,1.02702E+11,153.06,59.6934,39.8678,-96.2547,30.25840297,34.84846335,45.90194594,56.74707661,75.75914617,95.62053945,136.817429,207.065335,244.3054882,30.65685241,36.99120733,49.92758279,59.25008374,79.44037368,99.09728305,146.4004745,224.5506945,256.2739627,29.79396818,30.68145284,45.90194716,56.57474387,74.00807164,94.21118252,130.7466252,15.32935353,18.22401028,30.5892515,38.04031562,54.10391406,73.11730704,111.6101666,30.18630184,32.56797787,49.92758412,59.07014973,77.60421234,97.63668219,139.9044559
51,1.02702E+11,91.18,35.5602,39.7242,-96.1258,31.63631197,40.13048189,45.81441451,56.06507648,75.92534648,101.4304866,144.0551317,200.2961381,253.196515,33.1936502,43.63232675,49.57497709,60.55825762,86.25536213,115.9524289,164.2817719,217.3272187,272.5211004,29.76727491,32.93870594,43.66452141,53.20129262,65.28964018,85.68946909,132.60845,15.86142127,20.04056092,28.94878782,37.00756783,51.7125455,73.35890892,120.6449827,31.23260738,35.81298586,47.24861535,57.46496369,74.17261584,97.95774826,151.2278728
52,1.02702E+11,149.18,58.1802,39.5833,-96.4,34.15042429,40.23435921,46.31829413,56.30012498,70.26941358,93.31986096,137.5579325,189.3262182,227.9010944,36.11183917,42.73755558,49.36327199,57.95476449,73.40920883,95.53891851,152.3998121,217.2831693,255.537484,32.22497001,43.51150055,43.13203446,53.96645654,66.34899871,91.63987338,124.3566655,17.30453636,25.86245916,28.16304649,35.77500773,48.32390059,70.25834201,109.910725,34.07579725,46.21858555,45.9675467,55.55251041,69.31362102,93.81898242,137.774188
53,1.02702E+11,150.49,58.6911,39.6844,-96.6597,34.2348347,44.69194862,48.90236451,58.88909274,74.72333449,102.5174978,169.5841372,247.4395621,285.0265953,36.36462282,48.54196474,49.76652556,59.96088918,76.6056306,103.9313315,172.7547584,262.4968627,304.8671457,32.39603089,39.50018787,48.42392489,58.78740518,72.62803578,102.5175039,164.0483378,17.47497624,24.00713775,30.19226909,38.54726206,51.91013277,77.83119422,133.3180148,34.41142493,42.90295648,49.27963136,59.85735088,74.45755089,103.9313377,167.1154592
54,1.02702E+11,44.28,17.2692,40.3058,-98.5047,30.04077939,38.18714165,40.63427388,55.77170077,87.64340252,125.6809569,200.0851363,256.0672371,272.2567962,30.61557903,39.62415291,42.05483602,57.07884867,92.97049269,143.9586796,224.945412,283.1305303,307.0431251,28.32527745,36.27696946,40.53380793,53.61925556,78.17947012,94.52264693,150.4453347,14.77236894,21.19502413,25.83120579,35.49450786,58.01735273,81.29555131,135.2031925,28.86725271,37.64209948,41.95085781,54.87595558,82.93132907,108.2690312,169.1379401
55,1.02702E+11,108.66,42.3774,40.3333,-98.4333,29.19446611,37.21245795,40.06877007,54.74732701,88.69979085,133.4331992,203.5082671,265.9960882,292.1620786,30.296654,39.11167455,41.1957217,57.21049104,94.94574267,150.5123025,228.9195737,292.0907231,329.3666337,29.39959874,35.83362158,38.65034331,53.54536688,83.00298882,118.0365947,187.9624229,15.49360206,21.07484055,24.34611518,36.03399118,61.94287171,99.70867901,168.6727338,30.50953107,37.66246635,39.73740107,55.95445293,88.8477903,133.1449726,211.4325788
56,1.02702E+11,135.16,52.7124,40.5033,-97.9372,30.70923934,36.99228804,43.27533673,56.81453041,81.97220226,125.7222378,177.1932801,260.8171751,311.0503052,31.22672243,38.30234912,45.37797581,61.91416105,87.02545759,140.2047775,207.5012921,291.442855,328.2978019,30.35815089,34.16885458,39.81540758,47.84567476,71.44882707,103.1594565,137.6605897,15.67641418,29.64648325,25.57903871,33.57757864,52.88326597,86.15232024,128.6042822,30.86971777,52.9809708,41.74993746,52.14026749,75.8533588,115.0428826,161.2067355
57,1.02702E+11,99.75,38.9025,40.3328,-97.5653,29.20052091,36.40892232,43.91649665,58.42020144,97.50916853,165.5819516,194.8152507,274.1450036,340.9298585,31.96076882,42.15324613,48.81823683,66.6366772,109.0812618,181.3280747,228.9971727,308.9173774,351.6556536,26.54467947,29.5895196,39.24765006,51.7598607,87.33416237,148.3312833,157.3889255,14.75454554,19.1699336,26.73015326,38.02102953,68.11389968,121.6451174,147.5895435,29.05387772,34.25792973,43.62827689,59.03959665,97.69871668,162.4369429,185.004094
58,1.02901E+11,105.78,41.2542,38.8167,-95.8667,36.26960349,43.22537595,57.64923729,70.28432517,110.3437886,192.3579696,241.7803188,294.8881537,312.698912,38.78163644,49.86490635,59.83872525,76.39720316,119.0453868,204.5540717,259.5736879,316.4036128,346.2849304,36.66304842,37.96286614,58.33551941,71.65880221,113.2784016,186.040776,233.9960201,19.90810182,24.50595608,37.09819349,50.16107813,85.20341192,148.1544344,200.410954,39.20233137,43.79406132,60.55107201,77.89122336,122.2114204,197.8363481,251.2165183
59,1.02901E+11,102.35,39.9165,38.7667,-95.2,32.90022828,43.83740192,46.57238657,62.9374212,116.8759585,191.3434796,227.2564771,287.1014352,334.7395831,35.4972775,42.70932998,49.92138246,65.69975768,122.8319087,207.4195506,245.1826266,306.3738291,365.3859263,29.39411604,38.36075787,42.11501151,58.90701645,105.6618788,169.1427049,205.8441121,16.1055788,20.91332339,27.6584068,39.60055184,77.41950017,137.30884,177.1681363,31.71440286,37.37361692,45.1434799,61.49245763,111.0463642,183.3535374,222.0812393
60,1.02901E+11,39.93,15.5727,38.2611,-94.405,41.15548488,56.77139116,61.48383076,79.94485707,138.0942236,170.1723864,212.7467492,268.0061653,384.3947598,42.93256284,61.37891844,63.71364523,83.6645118,149.2584545,175.7525877,216.5977754,277.0334598,401.653609,41.65364489,56.16500467,62.89507539,82.07982866,138.0486469,167.2476706,211.2127305,22.33930442,34.32047619,40.2540459,55.70822562,104.602468,129.9081091,172.1026094,43.45223321,60.72331804,65.17607102,85.89881883,149.2091932,172.7319662,215.0359887
61,1.02901E+11,126.51,49.3389,38.35,-94.5833,38.9058233,48.62352243,58.34122156,76.83488231,133.2462903,165.6015648,212.8243878,298.6201552,443.3017294,40.58731469,51.63122097,62.67512725,82.37912451,152.0198413,182.065977,228.4640264,321.8699997,472.8534246,39.86020482,49.11224848,59.24496508,76.20940671,134.1476663,165.2020074,203.9179556,21.11687079,35.1234314,38.99417279,52.61912104,106.7018225,136.0150584,174.6321559,41.58294413,62.7687467,63.64600579,81.70851592,153.0482154,181.6266949,218.9030951
62,1.03001E+11,93.6,36.504,39.3594,-93.4886,37.73589271,49.31777261,60.75225455,85.32000372,117.615646,134.2004345,174.4657422,238.7678852,252.1056316,39.23538183,53.81334562,65.34621723,93.81035661,127.657115,142.5759107,183.4507238,259.532973,270.7359234,34.86957823,45.07393073,54.10441941,76.86566779,105.4355087,127.2824353,164.3240152,18.41192403,27.52184542,35.65570835,54.42733753,79.78423196,101.2682197,137.8435711,36.25517029,49.18265535,58.19568623,84.51471393,114.437095,135.2261578,172.7866981
63,1.103E+11,144.03,56.1717,38.1167,-101.2,32.94004159,38.88955165,57.13372303,70.90974219,91.77566983,118.2605723,140.8230097,166.1184296,188.8333814,34.14751559,42.51618029,59.69522576,74.09185554,97.20702028,122.530229,159.1106503,194.9003955,219.1665337,30.1804448,34.21651838,54.39164092,68.10924588,85.17849666,114.2664106,133.0600088,15.88819545,20.93197994,34.81829965,45.82966669,62.89895721,88.66026851,119.93485,31.28676102,37.40736529,56.83020661,71.16568543,90.21942163,118.3918629,150.339526
64,1.103E+11,165.63,64.5957,37.8131,-100.3456,29.48607991,36.79069938,43.53952634,53.31096102,81.29085305,136.1406099,181.8770808,233.5945551,259.7810164,31.98169116,41.19289438,47.0745183,56.22572329,84.79569878,147.8013039,199.4130992,241.56484,266.6985693,28.52772549,34.07648552,40.40012595,50.79950226,79.56583265,136.1406567,181.8771246,15.71322924,21.34972108,26.76166874,34.50277503,57.86315847,110.684188,159.0838133,30.94222457,38.15391098,43.68022871,53.57695121,82.99630432,147.8013547,199.4131472
65,1.103E+11,137.96,53.8044,38.2661,-99.7514,31.68807723,43.40111068,43.52931983,53.58605157,83.81478527,123.0534154,193.2136778,227.1019211,238.9712973,34.79539329,41.49496293,48.19453256,58.17095546,86.33408589,125.5024408,196.6965684,233.6506526,244.5424798,25.5409226,29.52439131,35.3219209,45.43114609,81.03774574,121.6160632,193.3629658,14.24217999,21.14525682,23.96009671,31.76027307,58.19590722,92.88736624,157.0378893,28.04545193,37.78850648,39.10751359,49.31830389,83.47357424,124.0364822,196.8485475
66,1.103E+11,129.31,50.4309,38.2006,-99.5344,31.1318902,39.54075774,43.82092624,51.48609509,68.36497034,91.81037084,157.5759907,196.3160991,215.4129542,33.42972275,44.31530875,47.88323071,56.59439674,70.37127592,96.27061213,165.5579513,201.8722101,222.062243,29.42472209,38.97068202,43.54783344,51.12667689,65.95327759,82.33251945,136.7011703,16.04552278,24.439943,29.15391817,36.19155552,47.33056585,64.65180746,114.5788646,31.59654923,43.67639632,47.58482156,56.1993181,67.88880727,86.33231707,143.6257237
67,1.103E+11,146.61,57.1779,38.4694,-99.5519,27.22513486,33.0932539,43.4044386,52.84075155,72.38732344,94.34181601,161.7358647,213.7806638,241.5359963,27.65823893,34.6698317,45.58719457,54.15491443,74.86416582,99.65691612,168.1286765,219.695825,256.0633054,27.07016341,32.33706977,41.63320186,51.53802098,71.78230716,90.72923485,156.1667007,13.96559088,18.9568469,26.7902551,34.01517263,51.75738001,71.77242878,129.5078549,27.50080216,33.87762261,43.72688451,52.81978462,74.23844799,95.84080665,162.3393843
68,1.103E+11,123.68,48.2352,38.5636,-99.235,26.0106128,29.07379518,42.56794541,52.14252012,72.20568469,91.54794414,146.1685748,226.584428,238.9460555,26.84186155,31.09354841,44.00710894,54.98216755,77.17509005,97.64660351,162.1036727,254.340965,255.6508214,24.99108834,27.16655825,42.56794977,52.14252961,68.80962099,83.61757944,134.6251588,13.09669452,16.25761316,26.96196497,35.40774671,51.27416021,66.79031659,119.1070379,25.78975506,29.05381595,44.00711345,54.98217756,73.54529936,89.18794084,149.3018093
69,1.103E+11,140.39,54.7521,37.5433,-99.6383,29.54370017,37.00134984,43.18803363,54.93879776,89.04279236,134.0127677,182.874351,240.3669733,276.5150055,30.93572057,40.88582852,45.41521981,57.37394627,95.86121199,149.2697191,195.1633989,262.9047885,295.8502419,29.26646603,32.52511445,40.78273006,52.37826625,85.68576355,136.0831841,182.8572051,15.5625096,20.11070439,26.27499414,35.22595446,64.31262498,113.510804,155.6789451,30.6454239,35.93966863,42.88587589,54.69991984,92.24711991,151.5758462,195.1451008
70,1.103E+11,114.15,44.5185,38.5214,-98.5358,30.17964358,44.60250981,48.17687379,61.7297203,89.58920564,126.2875067,198.5743808,347.4211862,373.7953594,33.70667581,41.87538788,50.04409995,63.17020477,91.91900776,130.3526515,213.2688744,367.3487434,396.4561566,27.4964373,46.58528244,47.19859108,59.86834999,86.67888725,121.6943935,180.3989588,15.59530148,24.47387491,30.03811288,39.45410695,62.00219661,94.06710524,154.5649133,30.70988879,43.73692826,49.02790123,61.26539874,88.93300541,125.6116878,193.7484721
71,1.103E+11,144.61,56.3979,37.3842,-97.6431,37.47876036,47.66866296,56.59076576,68.5137006,90.33718254,143.3607614,269.7360089,294.2267289,318.7174489,38.86764286,50.97105593,59.69582953,72.92461849,94.43592241,150.6936674,285.472328,312.2208028,338.9692775,36.66601391,43.51393749,53.77530034,64.31613256,85.61465071,139.3955301,261.1208488,19.30992779,26.0358781,34.7543833,44.0851905,62.39678014,109.7288273,220.464596,38.02477777,46.5284991,56.72588308,68.45681066,89.49912189,146.5256144,276.354562
72,1.103E+11,114.07,44.4873,37.8967,-98.2711,35.50733188,42.14173927,48.77614665,55.9458602,72.38991979,110.2457105,195.1141067,320.3485902,341.7123588,41.08073433,52.43608349,57.52790802,64.13928881,76.53753806,114.2949491,210.3343008,361.9352874,379.0958791,33.35156822,40.8003616,45.01059293,53.56714811,70.54192827,104.0218089,167.1689517,19.59530211,28.40771302,32.52484079,39.54865068,51.99814289,80.76021623,143.7638462,38.58659159,50.76703536,53.08671201,61.41220764,74.5836649,107.8424485,180.2092384
73,1.103E+11,119.29,46.5231,38.0917,-96.89,31.02177564,43.21390051,46.95290124,61.27291711,90.39282164,177.8526353,241.8933534,277.6272471,316.4660912,36.29778069,49.36348532,49.98104901,64.96509574,94.83229564,183.9186249,258.4389621,291.1144107,331.0291128,24.79179228,32.68554452,41.78954389,55.65294465,88.13486338,168.063768,207.887915,14.73113392,27.28456693,27.25457742,37.99935537,64.46349537,130.1508443,177.1885859,29.00823762,48.75994125,44.48468968,59.00647542,92.46344199,173.7958904,222.1075372
74,1.103E+11,124.97,48.7383,37.6983,-96.9706,32.28272214,39.61651467,46.95030719,61.85719791,94.65909607,150.3464897,224.4068677,273.784056,305.8348952,35.76693443,41.68654958,47.60616473,63.01259115,95.41943957,157.2045435,230.2671473,278.9811877,324.7540955,31.8199016,38.27711268,45.75447638,59.76484077,93.99138065,137.4645756,224.4068795,17.90295862,40.2020663,28.4241152,39.20659924,66.05506737,107.6390697,183.6979616,35.25416256,71.84471595,46.39362914,60.88115213,94.74636077,143.735021,230.2671594
75,1.103E+11,146.97,57.3183,38.0528,-96.6378,33.33613463,48.05071833,48.3455068,64.27633545,108.2701092,182.4125732,227.8125851,284.1557564,345.3365777,36.9455024,43.61024038,50.27497836,67.39577426,118.2572659,204.2354702,242.4148575,311.5314283,379.3608316,27.64654103,42.01282436,45.39326892,62.43589599,107.7558579,185.7170577,230.6045596,15.55969536,21.33652308,28.92114923,42.15916097,82.05471606,155.7167663,195.7589501,30.6398855,38.13032215,47.20491652,65.46601517,117.6955785,207.9352861,245.3857913
76,1.103E+11,131.36,51.2304,37.6556,-96.5353,38.79583763,47.26639875,55.73695986,69.03679515,98.11653902,153.6318699,231.8833618,298.1395079,425.252038,39.94277874,48.46104285,56.97930695,70.57430654,106.8795787,162.7372207,251.8646222,336.6434736,510.7293507,36.56327458,50.70280785,55.11190032,68.65776875,103.5054176,155.8459479,224.2496783,19.11667603,29.08878568,34.51816632,45.19931477,78.60661314,123.6255809,194.31292,37.64421329,51.98430616,56.34031517,70.18683888,112.7497518,165.0825212,243.5731484
77,1.103E+11,136.99,53.4261,37.4372,-96.7669,36.7753517,43.46560795,50.1558642,60.45549605,91.38335389,145.3239876,220.7969007,264.6226395,328.0419461,38.31777008,45.56497894,52.8121878,66.37362085,97.20217724,149.8584267,228.4114525,274.6142911,360.6207858,34.82767966,38.00875064,48.93316728,59.7114357,89.38495717,142.4060013,219.7973788,18.42816001,28.16171293,31.56778709,42.21758027,66.28523114,109.9713021,181.3926351,36.28840949,50.32755355,51.52473517,65.55672276,95.07653287,146.8493926,227.3774604
78,1.103E+11,99.39,38.7621,37.0631,-97.04,38.36442915,44.92848851,51.49254787,59.61920801,85.92297042,125.523447,230.7667562,290.239002,361.6688001,39.94487452,48.38322018,56.82156584,69.08761505,93.09071388,131.1579521,246.5364403,315.0489513,391.1815395,34.73129752,39.77521989,41.60724454,42.90294106,76.16104309,122.3269394,237.1026869,18.36434216,32.40521489,28.13010571,32.01708086,57.52769705,95.71981768,202.0778366,36.16207388,57.91021222,45.91322207,49.71655907,82.51444098,127.8179594,253.3053434
79,1.104E+11,84.91,33.1149,37.0158,-102.555,27.33012492,33.54375404,41.22890391,48.31948181,65.23352569,86.80658858,100.2782525,123.3739576,144.9777146,29.47714907,42.12669467,43.46336888,51.23321092,71.4795966,94.15336365,111.1315389,137.1023635,166.6665216,24.30919066,24.58896319,36.10081174,42.06427793,52.95060878,73.15029437,80.30157442,13.31581746,17.28109301,23.31807291,28.7237634,40.45230846,59.41828132,70.99654006,26.21889358,30.88061471,38.05735173,44.60080991,58.02059777,79.3412848,88.99275086
80,1.104E+11,102.56,39.9984,37.5514,-101.6344,25.74252189,37.48047576,39.88710122,54.99158087,99.4420806,152.6088584,171.3297452,190.050632,230.3053288,27.97765316,41.46337837,42.03071408,56.86807444,104.9663267,157.7835066,176.8983571,196.0132075,234.0731877,24.77910589,33.58658674,37.48482057,51.962561,92.14197638,149.7576406,183.5321361,13.6762014,20.79137806,24.20035678,34.60526481,67.8083661,115.952471,151.1739146,26.93058719,37.15570109,39.49933005,53.73569445,97.26068418,154.8356099,189.4973538
81,1.104E+11,129,50.31,37.5333,-101.5667,27.76381271,36.87278106,42.87868274,56.74311354,96.02801296,149.2135744,202.6186931,215.736513,247.3749658,28.87874283,38.12140491,47.0830379,61.11075812,100.9593696,156.906044,239.538708,303.3545347,321.3289644,25.11570183,33.63026528,37.75668064,54.09622872,94.49980251,146.6570742,178.3752776,13.26657215,19.45569258,25.40067984,37.51869366,69.26647892,115.4892692,168.2298827,26.12428998,34.76908774,41.45881151,58.26013664,99.35268048,154.2177475,210.8777965
82,1.104E+11,145.35,56.6865,37.2706,-99.3272,35.1771949,47.26875172,55.41890561,71.63160161,110.0757956,180.1330724,299.7861744,409.2716931,435.3845586,36.11724724,48.79553387,58.3316977,76.4710631,113.8842721,189.6568037,318.3119891,428.2723588,461.6183169,35.32439424,47.50150026,56.03334861,72.52911687,110.2141096,182.1632308,304.3182306,18.41798525,27.43888435,36.13445979,49.86328803,79.49732525,143.6292445,257.775468,36.26838024,49.0358002,58.97843554,77.42921487,114.0273716,191.7942977,323.1241117
83,1.104E+11,149.95,58.4805,37.1942,-99.7633,33.79513876,42.41195745,51.04849156,64.43708372,102.9021752,159.4741101,190.3820362,238.8430964,269.1054197,35.65115675,46.38725029,53.6454496,68.11803753,112.1922718,175.9945322,206.6979966,264.91611,284.8754472,33.79514672,39.12267602,48.368402,59.06811805,102.9021902,159.4741395,189.3714461,18.10454719,23.94374237,31.14153528,40.21197741,78.21794455,131.7972757,164.0200755,35.65116515,42.78966296,50.82901752,62.44237091,112.1922882,175.9945647,205.6007978
84,1.105E+11,108.62,42.3618,36.8003,-99.6403,32.85681594,44.49373677,52.09508586,69.98031032,121.9862331,208.7486744,310.2180756,355.4791389,400.7402021,35.26307773,48.86888132,55.30388975,76.25939011,133.0607697,218.5594378,359.8114662,469.2766577,469.6359687,31.04737966,41.81658884,51.4541974,68.96971164,120.3608236,206.8645229,273.6910078,16.92141083,25.70026908,33.46647334,48.40091759,91.53118227,162.1959661,253.2453086,33.32112778,45.9284849,54.62352568,75.15811407,131.2877972,216.586735,317.4449542
85,1.105E+11,118.23,46.1097,36.6833,-98.55,36.7174852,42.40532913,48.09317306,58.34700828,86.9607419,156.5374951,236.3152697,311.4527791,321.1248491,38.28784483,43.89792084,49.50799685,62.78830907,99.91177208,174.0811222,256.4227054,294.6309784,332.8392514,34.68832173,48.84163275,46.33695754,53.18300457,73.38680876,141.9069021,219.0974228,18.3690302,32.34711886,29.22458814,36.85612599,58.78347738,118.1800973,189.6594286,36.17189665,57.80715831,47.70011629,57.2312279,84.31627825,157.8108347,237.7398379
86,1.106E+11,107.47,41.9133,37.0667,-98.9667,32.65978527,40.59051402,54.41616434,72.24222325,119.201947,174.6244446,302.2635257,467.4828579,485.1401753,34.47416875,43.74092403,56.80243991,75.57641398,137.7351955,203.0793304,363.7320345,528.5285896,528.8875533,31.55491717,38.42931181,51.66697062,69.32643052,97.15602446,138.279376,234.6795114,16.91471941,23.17297983,33.04323381,46.70592377,78.26655258,120.42771,225.2911167,33.30792075,41.41198132,53.93268764,72.52604885,112.2616229,160.8118677,282.4040907
87,1.106E+11,139.94,54.5766,36.8186,-98.6447,34.7560802,40.63039206,46.50470392,55.88366036,82.35422231,144.8869727,223.1269425,305.2548287,324.0615847,38.30022885,43.28398543,48.26774201,58.37993413,88.21552016,151.74706,231.4925408,311.816897,329.5768057,34.75609571,39.85350128,46.39772849,55.82122743,82.35423116,142.7969144,215.4387607,19.44981911,41.64066207,29.50428977,37.55382862,61.50189088,111.9997287,178.3122,38.30024594,74.41567207,48.15671104,58.31471238,88.21552964,149.5580419,223.5161095
88,1.106E+11,146.89,57.2871,37.2667,-98.3167,42.99881437,52.96138307,62.92395176,78.77173286,111.9277069,156.5775848,234.7161324,394.9755402,406.1062941,54.81710158,64.15960558,73.50210958,89.065817,134.86226,179.7707757,245.8372983,417.3478569,427.8356642,28.60070101,33.66685084,49.5168522,65.38960597,86.06324386,124.5002524,212.5790409,18.51612987,22.82222791,35.4376697,47.6129872,72.29594477,107.0451307,177.6223013,36.46164564,40.78541281,57.8411399,73.9348808,103.6980377,142.9419606,222.6513216
89,1.106E+11,69.63,27.1557,36.7747,-98.3583,38.88655319,51.4062619,54.39487214,67.36013573,95.37290452,166.9828573,232.9497596,270.9900312,309.0303027,40.56027971,53.19421559,62.9515519,72.1349152,104.0843371,172.133604,240.1737491,280.8873684,321.6009877,37.04105775,39.43532791,43.64261705,61.27469119,80.94491622,158.7625395,218.4909824,19.62947194,28.63580287,30.9545459,42.26875304,61.60094626,122.580558,179.7313718,38.63535181,51.15473083,50.50789466,65.61810788,88.33848554,163.6597226,225.2665917
90,1.106E+11,90.64,35.3496,37.155,-98.0283,35.81824623,49.87214026,53.70924169,69.63463452,111.1333111,168.6796076,247.3592839,338.7288726,339.3494044,40.25373296,48.21184652,56.16996007,71.70220167,115.5773679,183.7603033,252.4766942,304.3875796,356.2984649,31.29473177,44.01347959,53.26986022,70.18121023,116.1604099,152.7073723,233.8846011,17.86109774,29.21919458,34.13333629,46.53890301,84.22471414,124.5843843,190.4462599,35.1700574,52.21531649,55.7104481,72.26500611,120.805493,166.3600802,238.7232449
91,1.106E+11,112.13,43.7307,37.0247,-97.6092,35.75090376,48.38891882,55.11287727,73.50675115,111.2462761,165.5763285,255.8972126,349.5793479,374.0460124,37.23694537,57.02270727,57.48949603,79.27095373,114.829166,168.335531,285.6819806,380.2012648,425.2215148,35.68357395,47.4285917,50.12247154,65.83940378,110.0128051,165.1672263,255.7483394,18.87431939,31.27497178,32.03299151,45.72460119,79.16883483,125.7503747,227.773318,37.16681689,55.89103387,52.28389029,71.00235351,113.5559688,167.9196114,285.5157795
92,1.106E+11,89.52,34.9128,36.8,-97.3,32.31419076,44.70678107,51.74231487,64.85492779,89.83513602,127.8042709,171.1946819,235.5704443,255.6341785,34.56788099,49.02457799,56.62044374,70.73820578,96.07880141,138.1416044,180.7158522,256.216566,281.3420814,29.39213541,37.99917356,44.84208431,57.68524133,80.86823869,109.0709873,157.4234837,15.96792326,23.31777866,30.06471483,40.51962736,60.29946081,88.28843421,132.5726565,31.44203259,41.66914735,49.06967766,62.91812528,86.4886924,117.893096,166.1787545
93,1.10701E+11,114.65,44.7135,37.0614,-95.6356,35.94181293,48.0268828,51.65135953,68.85562182,117.6623618,194.5771204,297.6668601,325.4096917,370.3433148,37.98653821,50.9750306,56.76588653,73.5294911,119.9440859,199.154707,312.5103617,332.7714551,387.3558588,35.21017043,46.20092722,48.19446049,64.93382676,114.7715565,189.2645966,278.6017244,18.89788969,27.43962519,32.45129831,44.65499627,81.56796302,145.0694236,233.3406165,37.21327266,49.03698807,52.96668472,69.34148746,116.9972217,193.7172017,292.494521
94,1.10701E+11,65.46,25.5294,37.0333,-95.6167,38.89067907,49.90196266,56.22261319,71.59397724,113.902992,187.2210441,260.7369399,298.2014126,342.2810251,41.91687386,53.44540002,61.16999176,77.68198511,119.4345936,200.9631604,284.6255668,315.9926194,362.6899925,35.67394263,48.67955627,54.26686713,70.07947735,100.8113806,156.9650736,210.2294038,19.54065837,29.19181755,36.19147192,48.98909742,73.72185205,126.2078813,183.1148488,38.44983397,52.13619303,59.0421474,76.03869943,105.7071993,168.4863868,229.490548
95,1.10701E+11,93.85,36.6015,37.0347,-96.4631,38.60347871,48.46198363,62.79979082,82.50022457,112.4957973,163.2741994,275.8339998,304.0994246,469.5945296,40.04156987,50.76038432,67.87173971,92.41444256,124.4695399,172.623287,279.9707049,328.7406823,517.0566914,38.30022649,46.42736961,61.89132647,78.80807082,106.1649237,153.4418427,272.1805238,20.17505876,27.21216138,40.98251258,56.85124015,81.8950962,121.4892772,220.3930735,39.72702063,48.6292749,66.88990434,88.27859527,117.4648256,162.2279291,276.2624374
96,1.10701E+11,72.62,28.3218,36.7683,-96.0261,42.33671185,57.87046227,64.43128833,83.79051096,121.8868092,178.4593687,270.4469985,294.0788129,340.3385104,44.31229044,60.26016378,69.62871057,87.39321722,130.4286692,182.6348317,274.0317915,297.8620068,346.4429888,41.65151664,56.10560451,59.92384174,81.05362326,113.0897325,179.3639826,267.1053575,22.14640288,32.70059812,39.68425482,54.45248608,84.38218515,137.4798505,215.9301032,43.59512163,58.42242802,64.75766574,84.53865268,121.015091,183.5606111,270.6458568
97,1.10702E+11,136.18,53.1102,38.6753,-96.5258,32.81437034,49.52469038,49.58771821,62.95768848,95.90067813,137.4657673,177.7107656,232.9822884,260.9233058,35.04441785,43.25717025,51.46992265,66.56909569,99.74011119,150.9155799,195.8773217,256.6341772,289.0397519,29.43990786,43.77265471,49.47445806,63.41862196,94.13896197,135.1662094,175.0054882,15.96633637,21.3940241,31.46218028,43.18339612,68.2591726,111.1257917,153.8843057,31.44062866,38.2330745,51.35236348,67.05646944,97.90786382,148.3910305,192.8954962
98,1.10702E+11,108.37,42.2643,38.7675,-96.2567,32.03183473,37.39438002,49.40450148,61.55606733,90.96808236,132.7055315,171.7792711,231.8585011,249.1530805,33.97646237,40.26623472,51.50734907,64.01643901,96.09989093,145.3982177,187.1458123,242.0748908,270.5282547,29.91929204,33.27082625,47.00667718,58.8343897,84.79905002,115.6004456,154.8693265,16.11627302,20.04720762,30.025656,39.40303435,62.45534177,94.85009894,134.6008398,31.73566887,35.82599574,49.00746405,61.185977,89.5828432,126.6571074,168.723186
99,1.10702E+11,97.74,38.1186,38.6453,-96.3506,34.16157249,41.24171538,51.41723892,64.27163884,96.5214595,150.1746216,190.4038312,244.8248,282.783618,35.01461726,43.44609724,52.48108827,65.31195169,99.41018876,158.7370137,194.6483102,247.6095227,294.3182507,34.00026795,39.86497902,51.41724209,64.08170751,95.7720766,144.4615074,190.0843425,17.6977283,23.49993404,32.15418454,41.93618791,68.76915209,114.3521516,155.02297,34.8492848,41.99577391,52.48109151,65.1189461,98.63837806,152.6981592,194.3216995
100,1.10702E+11,135.09,52.6851,38.6667,-96.5,33.11360565,41.04460296,51.26883173,65.25445255,98.80601748,153.9163466,192.3956467,240.2884627,273.4062732,35.10593071,44.24711379,52.4423903,67.05645255,102.2901614,170.3770723,201.5548276,252.9005864,293.1710784,29.65631612,35.46584689,50.20319759,65.25446899,94.572987,134.0544533,184.1298181,15.96633705,21.39402484,31.46218116,43.18339717,68.2591739,111.1257933,153.8843074,31.44062866,38.2330745,51.35236348,67.05646944,97.90786382,148.3910305,192.8954962
101,1.10702E+11,103.5,40.365,38.3689,-96.5442,35.71639636,44.46877713,53.22115789,67.29978571,112.4093398,202.5542643,223.0771553,273.6335371,303.1995665,38.20387473,46.51625426,54.82863379,69.09431602,119.2519447,208.7554751,235.7070483,282.2509377,323.401704,35.52179396,40.05640688,51.62896649,66.07193935,101.8407274,198.0618965,219.7340445,19.2953994,35.15331235,32.5872873,43.68423008,75.32346208,152.864409,185.2202149,37.99571919,62.82158568,53.18835232,67.83372947,108.0399975,204.1255732,232.1746616
102,1.10702E+11,137.18,53.5002,37.6703,-95.4842,41.10596684,51.15929156,60.70425417,75.29000124,105.6176093,198.5523293,285.2733419,503.3020506,702.5828644,45.12855722,56.26690117,64.59111287,79.74994975,112.8090499,204.651051,296.7120605,537.9595782,753.3336184,37.89792327,46.26603968,58.60002926,71.67497402,98.45157728,198.5523712,285.2734208,21.12885836,28.47370932,38.20144944,48.89188252,73.31177334,153.2573398,236.7050685,41.60657759,50.88511985,62.35215564,75.92077942,105.155087,204.6510942,296.7121426
103,1.10702E+11,144.23,56.2497,37.1772,-94.3047,38.43609108,51.00474478,56.1927379,67.24446005,115.1510977,208.7379921,314.7241138,424.4189381,463.6961452,39.8127202,55.53971362,61.6888753,73.14574302,128.7724001,236.1245895,325.7216427,438.0323018,479.4134623,35.98409101,44.85814039,49.81164993,59.20062617,96.62534018,161.0742229,301.4894193,18.92810524,27.33301321,33.50317065,41.47008322,75.33367429,136.4498136,248.92063,37.27289916,48.84659813,54.68366155,64.39599315,108.055218,182.2072943,312.024483
